timeStamp,elapsed,label,responseCode,responseMessage,threadName,dataType,success,failureMessage,bytes,sentBytes,grpThreads,allThreads,URL,Latency,IdleTime,Connect
1719921486104,2005,Department,200,OK,Thread Group 1-1,text,false,"The operation lasted too long: It took 2,005 milliseconds, but should not have lasted longer than 2,000 milliseconds.",87794,274,1,1,https://www.mnmjec.ac.in/ECE_Department.html,468,0,384
1719921486104,477,Department-0,301,Moved Permanently,Thread Group 1-1,text,true,,374,137,1,1,http://www.mnmjec.ac.in/ECE_Department.html,468,0,384
1719921486586,1523,Department-1,200,OK,Thread Group 1-1,text,true,,87420,137,1,1,https://www.mnmjec.ac.in/ECE_Department.html,755,0,649
1719921488119,711,HistoryPage,200,OK,Thread Group 1-1,text,true,,27783,260,1,1,https://www.mnmjec.ac.in/History.html,73,0,0
1719921488119,73,HistoryPage-0,301,Moved Permanently,Thread Group 1-1,text,true,,367,130,1,1,http://www.mnmjec.ac.in/History.html,73,0,0
1719921488193,637,HistoryPage-1,200,OK,Thread Group 1-1,text,true,,27416,130,1,1,https://www.mnmjec.ac.in/History.html,363,0,0
1719921488832,659,MessagePage,200,OK,Thread Group 1-1,text,true,,38757,260,1,1,https://www.mnmjec.ac.in/Message.html,82,0,0
1719921488832,82,MessagePage-0,301,Moved Permanently,Thread Group 1-1,text,true,,367,130,1,1,http://www.mnmjec.ac.in/Message.html,82,0,0
1719921488915,576,MessagePage-1,200,OK,Thread Group 1-1,text,true,,38390,130,1,1,https://www.mnmjec.ac.in/Message.html,259,0,0
1719921489493,2435,AdminPage,200,OK,Thread Group 1-1,text,false,"The operation lasted too long: It took 2,435 milliseconds, but should not have lasted longer than 2,000 milliseconds.",33318,274,1,1,https://www.mnmjec.ac.in/Administration.html,80,0,0
1719921489493,80,AdminPage-0,301,Moved Permanently,Thread Group 1-1,text,true,,374,137,1,1,http://www.mnmjec.ac.in/Administration.html,80,0,0
1719921489573,2355,AdminPage-1,200,OK,Thread Group 1-1,text,true,,32944,137,1,1,https://www.mnmjec.ac.in/Administration.html,336,0,0
1719921491931,753,Member of Council page,200,OK,Thread Group 1-1,text,true,,30781,282,1,1,https://www.mnmjec.ac.in/Members_Of_Council.html,75,0,0
1719921491931,76,Member of Council page-0,301,Moved Permanently,Thread Group 1-1,text,true,,378,141,1,1,http://www.mnmjec.ac.in/Members_Of_Council.html,75,0,0
1719921492007,677,Member of Council page-1,200,OK,Thread Group 1-1,text,true,,30403,141,1,1,https://www.mnmjec.ac.in/Members_Of_Council.html,461,0,0
1719921492685,730,AdvistorPage,200,OK,Thread Group 1-1,text,true,,31973,284,1,1,https://www.mnmjec.ac.in/Members-Of-Advisory.html,65,0,0
1719921492685,65,AdvistorPage-0,301,Moved Permanently,Thread Group 1-1,text,true,,379,142,1,1,http://www.mnmjec.ac.in/Members-Of-Advisory.html,65,0,0
1719921492750,665,AdvistorPage-1,200,OK,Thread Group 1-1,text,true,,31594,142,1,1,https://www.mnmjec.ac.in/Members-Of-Advisory.html,358,0,0
1719921493416,908,JainPage,200,OK,Thread Group 1-1,text,true,,29042,260,1,1,https://www.mnmjec.ac.in/Jainism.html,68,0,0
1719921493416,68,JainPage-0,301,Moved Permanently,Thread Group 1-1,text,true,,367,130,1,1,http://www.mnmjec.ac.in/Jainism.html,68,0,0
1719921493484,840,JainPage-1,200,OK,Thread Group 1-1,text,true,,28675,130,1,1,https://www.mnmjec.ac.in/Jainism.html,574,0,0
1719921494326,2660,CivilPage,200,OK,Thread Group 1-1,text,false,"The operation lasted too long: It took 2,660 milliseconds, but should not have lasted longer than 2,000 milliseconds.",94007,278,1,1,https://www.mnmjec.ac.in/Civil_Department.html,77,0,0
1719921494326,77,CivilPage-0,301,Moved Permanently,Thread Group 1-1,text,true,,376,139,1,1,http://www.mnmjec.ac.in/Civil_Department.html,77,0,0
1719921494403,2583,CivilPage-1,200,OK,Thread Group 1-1,text,true,,93631,139,1,1,https://www.mnmjec.ac.in/Civil_Department.html,416,0,0
1719921496988,2841,MechPage,200,OK,Thread Group 1-1,text,false,"The operation lasted too long: It took 2,841 milliseconds, but should not have lasted longer than 2,000 milliseconds.",112746,288,1,1,https://www.mnmjec.ac.in/Mechanical_Department.html,73,0,0
1719921496988,73,MechPage-0,301,Moved Permanently,Thread Group 1-1,text,true,,381,144,1,1,http://www.mnmjec.ac.in/Mechanical_Department.html,73,0,0
1719921497061,2768,MechPage-1,200,OK,Thread Group 1-1,text,true,,112365,144,1,1,https://www.mnmjec.ac.in/Mechanical_Department.html,333,0,0
1719921499831,3213,EcE,200,OK,Thread Group 1-1,text,false,"The operation lasted too long: It took 3,213 milliseconds, but should not have lasted longer than 2,000 milliseconds.",87794,274,1,1,https://www.mnmjec.ac.in/ECE_Department.html,79,0,0
1719921499831,79,EcE-0,301,Moved Permanently,Thread Group 1-1,text,true,,374,137,1,1,http://www.mnmjec.ac.in/ECE_Department.html,79,0,0
1719921499911,3133,EcE-1,200,OK,Thread Group 1-1,text,true,,87420,137,1,1,https://www.mnmjec.ac.in/ECE_Department.html,778,0,0
